Entities,Intersections,
securities,43571,
registrars,312476,
asset,40330,
cmb,1822,
trustees,263,
"securities,registrars",12896,
"securities,asset",33202,
"securities,cmb",136,
"securities,trustees",129,
"registrars,asset",7006,
"registrars,cmb",101,
"registrars,trustees",132,
"asset,cmb",314,
"asset,trustees",136,
"trustees,cmb",8,
"securities,registrars,asset",5924,
"securities,registrars,cmb",30,
"securities,registrars,trustees",78,
"securities,asset,cmb",96,
"securities,asset,trustees",122,
"securities,trustees,cmb",8,
"registrars,asset,cmb",48,
"registrars,asset,trustees",77,
"registrars,trustees,cmb",3,
"asset,trustees,cmb",8,
"securities,registrars,asset,cmb",25,
"securities,registrars,asset,trustees",74,
"securities,registrars,trustees,cmb",3,
"securities,asset,trustees,cmb",8,
"registrars,asset,trustees,cmb",3,
"securities,registrars,asset,trustees,cmb",3,
